<?xml version="1.0" encoding="UTF-8"?>
<project-private xmlns="http://www.netbeans.org/ns/project-private/1">
    <editor-bookmarks xmlns="http://www.netbeans.org/ns/editor-bookmarks/2" lastBookmarkId="0"/>
    <open-files xmlns="http://www.netbeans.org/ns/projectui-open-files/2">
        <group>
            <file>file:/C:/Users/Kishore%20Saha/Documents/NetBeansProjects/ResultFetch/web/WEB-INF/web.xml</file>
            <file>file:/C:/Users/Kishore%20Saha/Documents/NetBeansProjects/ResultFetch/src/java/Search.java</file>
            <file>file:/C:/Users/Kishore%20Saha/Documents/NetBeansProjects/ResultFetch/resultfetch.sql</file>
            <file>file:/C:/Users/Kishore%20Saha/Documents/NetBeansProjects/ResultFetch/result.sql</file>
            <file>file:/C:/Users/Kishore%20Saha/Documents/NetBeansProjects/ResultFetch/web/index.html</file>
            <file>file:/C:/Users/Kishore%20Saha/Documents/NetBeansProjects/ResultFetch/newSQLTemplate.sql</file>
        </group>
    </open-files>
</project-private>
